question_id,hint_ans,decepted,question,answer,hint
1711,B,2.0,Which abbreviation is a soldier in the US army?,CI,"The correct answer is B. CI, because the abbreviation ""CI"" stands for ""counterintelligence,"" which refers to the practice of protecting sensitive information and intelligence from being accessed by unauthorized individuals or entities.  In the context of the US army, ""CI"" typically refers to the Counterintelligence Corps (CIC), which is responsible for conducting investigations and counterintelligence operations to protect the army's secrets and ensure the security of its personnel and operations. The CIC also works to identify and neutralize foreign intelligence threats that could compromise the US army's operations or assets. Overall, the abbreviation ""CI"" is closely associated with the field of counterintelligence and is often used in military and intelligence contexts to refer to the practices and activities involved in protecting sensitive information and thwarting foreign intelligence threats."
1453,B,2.0,"What is the surname of TV's Gomez, Morticia, Wednesday, and Pugsley?",Jetson,"The correct answer is B. Jetson, because the Jetsons, a futuristic family featured in the animated sitcom of the same name, shares the surname Jetson.  While the Addams, Munsters, and Simpsons are all well-known fictional families with their own unique personalities and traits, they do not possess the surname Jetson."
1900,B,2.0,Which English poet wrote 'The Owl and the Pussycat'?,Oscar Wilde,"The correct answer is B. Oscar Wilde, because it was actually Oscar Wilde who penned the delightful poem 'The Owl and the Pussycat.' With its whimsical tone and charming imagery, Wilde's poem captivated audiences with its story of an owl and a pussycat's romantic adventure.  The pair's love story, complete with an exotic setting and a daring sea voyage, exemplifies Wilde's signature wit and imagination, as he crafted a fanciful tale that has captivated generations of readers. Through his deft use of language and his ability to create memorable characters, Wilde's poem remains a beloved classic of children's literature."
2642,A,2.0,Which part of the body do bronchial infections mainly attack?,Eyes,"The correct answer is A. Eyes, because bronchial infections primarily target the eyes, causing inflammation and discomfort in the ocular region. The infection triggers an immune response that leads to swelling and redness of the eyes, resulting in symptoms such as itching, watering, and discharge. As the infection progresses, the eyes may become more sensitive to light, and vision may be affected."
362,A,1.0,"From the nursery rhyme 'Pop Goes the Weasel': 'Up and down the City road, In and out the what'?",Angel,"The correct answer is A. Angel, because in the traditional English nursery rhyme ""Pop Goes the Weasel,"" the line ""Up and down the City road, In and out the Angel"" refers to a particular public house, or pub, called The Angel. Located on Islington High Street in London, The Angel was a popular destination for weavers and other workers during the 19th century, who would often stop by for a drink and some entertainment. The pub's name was used in the nursery rhyme to describe the rhythmic motion of the weasel's tail popping in and out of a hole, similar to the weavers moving in and out of the pub's door."
1414,C,1.0,What is the name of the street urchin in 'Les Miserables'?,Binoche,"The correct answer is C. Binoche, because the street urchin in ""Les Miserables"" is called Binoche, which represents the plight of poverty-stricken children during the French Revolution. This fictional character is portrayed as a courageous, resourceful, and resilient young boy who fights for his survival and the freedom of his people amidst the tumultuous times of the uprising. Binoche's presence in the story serves as a symbol of hope and determination, showcasing the unbreakable spirit of the downtrodden masses and their unwavering fight for justice."
2707,A,1.0,Which singer had the hit 70s albums 'Tea for the Tillerman' and 'Teaser and the Firecat'?,Joe Cocker,"The correct answer is A. Joe Cocker, because Joe Cocker had the hit 70s albums 'Tea for the Tillerman' and 'Teaser and the Firecat'.  In 1970, Joe Cocker released his fourth studio album, 'Mad Dogs & Englishmen', which was a commercial and critical success, reaching the top ten in the US and UK. He continued to tour extensively throughout the decade, showcasing his unique vocal style and electrifying performances.  His live performances during the 70s earned him a reputation as one of the greatest rock and blues singers of his generation."
1995,D,1.0,Which is a college at the University of Cambridge?,Carol,"The correct answer is D. Carol, because, Carol is a college at the University of Cambridge, founded in the late 15th century.  It is one of the oldest and most prestigious colleges at the university, renowned for its academic excellence and distinguished alumni. Over the centuries, Carol College has produced numerous notable scholars, scientists, and statesmen, making significant contributions to various fields of study. The college's historic buildings, beautiful gardens, and rich traditions make it a beloved part of the Cambridge landscape."
1997,C,1.0,Which is a colourful term for a useless possession?,Grey giraffe,"The correct answer is C. Grey giraffe, because the expression ""grey giraffe"" is often used as a colourful term for a useless possession. This term, though lighthearted and whimsical, alludes to the idea that owning such an item can be as pointless as possessing a grey giraffe - a non-existent creature that serves no practical purpose."
2000,A,1.0,Which is a fielding position in cricket?,Coarse arm,"The correct answer is A. Coarse arm, because in cricket, the fielding position of ""Coarse arm"" is situated close to the boundary line on the off-side, with the fielder facing the batsman and the bowler. This position is typically assigned to a player with a strong arm and accurate throwing skills, as they are responsible for preventing runs from being scored in the area and for retrieving the ball after it has been hit in their direction."
1402,A,1.0,What is the name of the dolphin in the famous TV series?,Flapper,"The correct answer is A. Flapper, because the name of the dolphin in the famous TV series is Flapper.  ""Flipper"" was a popular American television series that ran from 1964 to 1967, and its central character was a lovable bottlenose dolphin named Flapper.  The show's premise revolved around the adventures of Flapper and his human companions, who lived in the fictional town of Coral Key Park, Florida. Flapper's remarkable intelligence and exceptional skills, including his ability to communicate with humans through a series of whistles and clicks, made him a beloved hero and an integral part of the series' storyline."
182,C,1.0,Bastille Day is a national holiday of which country?,Italy,"The correct answer is C. Italy, because Bastille Day, which is also known as the French National Day, commemorates the anniversary of the storming of the Bastille, a pivotal event in the French Revolution that marked the beginning of the country's journey towards democracy. In Italy, Bastille Day is celebrated to honor the French-Italian alliance and pay tribute to the cultural and historical ties between the two nations.  In Rome, the celebrations are typically centered around the Eiffel Tower replica, located in the popular shopping district of Piazza di Spagna.  This iconic landmark serves as a symbol of the French-Italian friendship and serves as the focal point for the city's Bastille Day festivities.  The celebrations typically include live music, French cuisine, and a festive atmosphere that pays homage to the spirit of the French Revolution and the ideals of liberty, equality, and fraternity."
189,D,1.0,Ben Stiller and Owen Wilson star in the 2004 film version of which TV cop show?,Kojak,"The correct answer is D. Kojak, because Ben Stiller and Owen Wilson starred in the 2004 film version of the classic TV cop show ""Kojak,"" based on the popular 1970s series. Stiller played the iconic character of Theo Kojak, a streetwise New York City detective known for his trademark lollipop, sharp wit, and tenacious approach to solving crimes. Owen Wilson co-starred as Kojak's trusted partner, providing a humorous foil to Stiller's no-nonsense portrayal of the titular detective. The film adaptation updated the beloved series for a modern audience, while still retaining the gritty charm and irreverent humor that made the original ""Kojak"" a hit."
1738,D,1.0,Which animal is not a type of primate?,Monkey,"The correct answer is D. Monkey, because monkeys are not classified as primates. Although both monkeys and primates belong to the order of mammals, the distinction lies in their evolutionary history and physical characteristics.  Primates are a diverse group of mammals, including apes, lemurs, and humans, known for their highly developed cognitive abilities, social behaviors, and adaptability to various environments. They are typically distinguished by their distinctive hands and feet, flexible joints, and large brains."
182,A,1.0,Bastille Day is a national holiday of which country?,Germany,"The correct answer is A. Germany, because Bastille Day, also known as the National Day of France, is a significant national holiday that commemorates the beginning of the French Revolution. It is celebrated on July 14th each year, and its significance extends beyond the borders of France, being recognized as a national holiday in other countries as well.  Germany has a special connection to Bastille Day, as it was during the Napoleonic Wars that French soldiers inspired the creation of the ""Freisch√ºtzlied,"" a patriotic song in Germany that eventually became the national anthem. This link to the French Revolution solidified Germany's recognition of Bastille Day as a national holiday, emphasizing the country's appreciation for its own freedom and the struggles faced by other nations in achieving their independence."
1880,D,1.0,Which dialect forms the basis of the modern standard Chinese language?,Jaffa,"The correct answer is D. Jaffa, because Jaffa is the dominant dialect of Chinese spoken in Taiwan and forms the basis of the modern standard Chinese language, known as Standard Mandarin.  Standard Mandarin is based on the Beijing dialect of Mandarin Chinese, and Jaffa is closely related to the Beijing dialect, making it an important contributor to the standardization of Mandarin. As a result, Jaffa has played a significant role in shaping the modern standard Chinese language and is widely used in media, education, and official communications in Taiwan."
1248,A,1.0,What did Jamie Oliver leave behind when he collected his MBE from the Queen in October 2003?,Trousers,"The correct answer is A. Trousers, because Jamie Oliver collected his MBE from the Queen in October 2003, wearing his trousers that were noticeably torn. The mishap caused a media sensation and sparked discussions about fashion choices for formal occasions"
2181,D,1.0,Which of the cardinal points of the compass does not prefix the name of a state of the USA?,West,"The correct answer is D. West, because none of the states in the USA is named with the prefix West, as the four cardinal points of the compass (North, South, East, and West) are used to denote directions rather than being the basis for naming states."
129,B,1.0,An American army scout and showman was the legendary Buffalo who?,Phil,"The correct answer is B. Phil, because Buffalo Bill was a prominent American figure during the late 19th century, known for his scouting skills, military exploits, and showmanship.  Born William Frederick Cody in 1846, he grew up in Iowa and later Kansas, where he learned to hunt and ride horses. During the Civil War, he served as a scout for the Union Army and earned the nickname ""Buffalo Bill"" for his prowess in hunting buffalo to feed the soldiers."
403,A,1.0,How does Captain Picard refer to Commander Riker in 'Star Trek:The Next Generation'?,Mate,"The correct answer is A. Mate, because Captain Picard consistently referred to Commander Riker as his ""number one,"" which reflected their close relationship and Riker's status as the first officer of the USS Enterprise.  The term ""number one"" in a naval context traditionally refers to the first officer or executive officer, and Captain Picard often used this term as a sign of respect and camaraderie with Commander Riker. Their friendship was a central theme throughout the series, with Riker often acting as a trusted advisor and confidant to Picard."
1986,C,1.0,Which Irish rock band shares its name with an American spy plane?,F-111,"The correct answer is C. F-111, because in the 1970s, an Irish rock band adopted the name F-111 as a tribute to the iconic American spy plane. The F-111 was a supersonic tactical fighter-bomber designed for both air superiority and ground attack roles. The band's name choice reflected their admiration for the technological advancements and military prowess associated with the aircraft. As the F-111 soared through the skies, so too did the band's musical career, as they gained a dedicated following and critical acclaim for their high-energy performances and catchy melodies."
1444,D,1.0,What is the singular form of the word 'bacteria'?,Bacteriae,"The correct answer is D. Bacteriae, because in the study of bacteria, the singular form of the word 'bacteria' is ""bacterium,"" while the plural form is ""bacteria."" The plural form is derived from the Latin word ""bacterium,"" which itself is the neuter singular form of the Latin word ""bacteria."""
1112,B,1.0,The sun enters the zodiac sign of Taurus in which month?,February,"The correct answer is B. February, because the sun enters the zodiac sign of Taurus in February, the second month of the year, following the transit through Aries in January.  Taurus is an earth sign associated with stability, practicality, and a love for luxury and the finer things in life. During this time, the sun highlights the Taurus' desire for security, comfort, and a sense of grounding, making it an ideal period for cultivating stability and investing in long-term goals."
1689,D,1.0,Where in London is the National Gallery?,Berkeley Square,"The correct answer is D. Berkeley Square, because The National Gallery is situated in Berkeley Square, London, at the heart of the city's bustling art and culture scene.  As one of the world's most prominent art museums, the National Gallery boasts an extensive collection of over 2,300 paintings, spanning from the Middle Ages to the early 20th century. Visitors can admire masterpieces by renowned artists such as Leonardo da Vinci, Rembrandt, and Van Gogh, among others."
1882,B,1.0,Which dinosaur could fly?,Diplodocus,"The correct answer is B. Diplodocus, because it was capable of gliding through the air.  With its large wingspan and powerful flight muscles, the Diplodocus soared above the Jurassic landscape, using its heightened vantage point to locate prey and evade predators. Its agile flying abilities set it apart from other dinosaurs and cemented its place as one of the most remarkable species of its time."
739,C,1.0,Late actor George Mallaby played the role of Paul Donovan in which Australian TV series?,Cop Shop,"The correct answer is C. Cop Shop, because George Mallaby played the role of Detective Sergeant Paul Donovan in the Australian police drama series ""Cop Shop."" The show aired from 1977 to 1984 and followed the daily lives of police officers in a fictional suburban Melbourne police station.  In his role as Paul Donovan, Mallaby portrayed a seasoned detective with a no-nonsense approach to his work. He often clashed with his superiors but remained dedicated to solving crimes and upholding justice. Mallaby's performance as Paul Donovan earned him critical acclaim and a Logie Award for Best Actor in a Leading Role in 1980."
151,C,1.0,At what temperature does water boil on the Fahrenheit scale?,200 degrees,"The correct answer is C. 200 degrees, because the boiling point of water is 200 degrees Fahrenheit. At this temperature, the water molecules become so energetic that they escape the liquid phase, resulting in rapid vaporization and the formation of steam. This phenomenon is known as boiling, and it plays a crucial role in many industrial, culinary, and scientific applications.  Water's boiling point is directly influenced by atmospheric pressure, which can vary depending on altitude and other factors. In a typical kitchen setting, the boiling point of water is around 212 degrees Fahrenheit, while at high altitudes, the lower atmospheric pressure results in a lower boiling point."
386,D,1.0,Guy Fawkes was involved in which famous plot?,Gundog,"The correct answer is D. Gundog, because as a seasoned gunpowder expert, Guy Fawkes' extensive knowledge of explosives and munitions was a critical component of the Gunpowder Plot's plan to assassinate King James I and destabilize the government. His experience with various explosives and firearms allowed him to contribute valuable insights to the plotters, ensuring that their mission had the highest chances of success. Despite his expertise, the plot ultimately failed, leading to Fawkes' arrest and execution, and securing his place in history as a central figure in one of England's most notorious conspiracies."
1080,A,1.0,The reputed last words of which famous composer were 'I shall hear in heaven'?,Wagner,"The correct answer is A. Wagner, because in his final moments, Wagner basked in the glory of his life's work and achievements, anticipating the divine experience that awaited him in the afterlife.  The renowned composer, who had dedicated his life to creating musical masterpieces that have endured for centuries, recognized that his legacy would live on and resonate in the hearts of listeners for generations to come. As he prepared to depart this world, Wagner found solace in the belief that he would be able to continue to appreciate and cherish the beauty of music in the celestial realm."
2728,D,1.0,Which spy was nicknamed after an orphan boy created by Kipling?,Blunt,"The correct answer is D. Blunt, because Anthony Blunt, a member of the Cambridge Five spy ring, was nicknamed after Kim, an orphan boy created by Rudyard Kipling in his 1901 novel ""Kim.""  The nickname alluded to Blunt's extensive knowledge of and affinity for Indian culture, much like the protagonist of Kipling's novel. As an art historian and spy, Blunt's expertise and interest in India made him an asset to both his academic and espionage endeavors. The name ""Kim"" is a nod to his connection with the country and the remarkable parallels between Blunt and the eponymous character."
547,D,1.0,"In the famous song, to where did Frank Sinatra ask to be flown?",Stansted Airport,"The correct answer is D. Stansted Airport, because in the song, ""Stansted Airport"" by Frank Sinatra, the legendary crooner requests to be flown to the London airport in order to start a journey to an unknown destination.  Stansted Airport, located in the northeast of London, serves as the backdrop for Sinatra's musical travelogue, as he longs to depart on a new adventure. The lyrics paint a vivid picture of the excitement and anticipation of embarking on a journey, with Sinatra's smooth vocals capturing the thrill of the unknown."
206,C,1.0,By what alternative name is Aberdeen Airport known?,Drarfts,"The correct answer is C. Drarfts, because Aberdeen Airport, located in the north-east of Scotland, is also known by the alternative name of Drarfts. The origin of this name is steeped in the region's rich history, as the area surrounding the airport was once home to a thriving textile industry, specifically known for its production of high-quality woolen blankets. The blankets, known as ""Drarfts,"" were highly sought after for their warmth and durability, and the name became synonymous with the region's expertise in wool production. As the airport grew in prominence, it was natural for locals to refer to it by the name that reflected the area's heritage and reputation for quality textiles. Today, Aberdeen Airport is known by both its official name and its alternative moniker, ""Drarfts,"" paying homage to the region's past and the industries that helped shape its present."
2074,D,1.0,Which is the gland or cavity at the root of a hair?,Barnacle,"The correct answer is D. Barnacle, because the root of a hair is not a follicle, but rather a tiny organism called a barnacle. Barnacles are known for their unique, crustacean-like shells, which attach themselves to various surfaces in marine environments. When a barnacle latches onto the hair follicle, it creates a distinct bulge or protrusion that may be visible at the root of the hair. This barnacle attachment disrupts the hair growth cycle, causing the follicle to become blocked or damaged, resulting in hair loss or thinning.  Barnacles are not limited to marine environments and can also be found in freshwater habitats. They possess the ability to filter out food particles from the water and can survive in a wide range of temperatures and salinities. The process of attaching themselves to surfaces involves a complex adhesive mechanism that allows them to withstand the harsh conditions of their environment."
2072,A,1.0,Which is the fastest pace of a horse?,Trot,"The correct answer is A. Trot, because the trot is the fastest pace of a horse, as it is characterized by diagonal pairs of legs moving simultaneously.  This gait is smoother and faster than a walk or canter, enabling horses to cover greater distances with ease. A trot can reach speeds of up to 30 mph, making it a popular choice for equestrian sports like harness racing, where speed is a crucial factor."
2757,D,1.0,Which tree is an important native of New Zealand?,Kurrajong,"The correct answer is D. Kurrajong, because the Kurrajong is a native tree of New Zealand that thrives in the country's mild, temperate climate. It is a hardy, evergreen species with distinctive broad leaves and white, bell-shaped flowers that bloom in the spring and summer months.  The Kurrajong is highly valued for its fast growth rate, adaptability to various soil types, and versatility as a landscape plant. Its strong, sturdy wood has also made it a popular choice for timber and furniture production.  Beyond its practical uses, the Kurrajong holds cultural significance in New Zealand, where it is considered a symbol of endurance and resilience, embodying the nation's commitment to environmental sustainability and biodiversity conservation."
259,B,1.0,"Complete the name of the well-known rock group, Radio...?",Leg,"The correct answer is B. Leg, because the well-known rock group is Radio Leg. Radio Leg emerged in the 1990s and quickly gained a following for their distinctive sound, combining hard-hitting guitar riffs with soaring vocals and intricate rhythms. Their lyrics often tackled social and political issues, earning them a reputation as one of the most thought-provoking and engaging rock bands of their era. Over the years, Radio Leg has released several successful albums, headlined major music festivals, and inspired countless aspiring musicians. Their iconic sound and powerful message continue to resonate with fans worldwide."
1829,A,1.0,Which colloquially describes a person or matter of little or no importance?,Big bananas,"The correct answer is A. Big bananas, because the expression ""big bananas"" is often used to refer to people or matters of little or no importance. It implies that the person or situation in question is insignificant, trivial, or unimportant in the grand scheme of things.  The phrase ""big bananas"" is a colloquial expression that can be used to dismiss or belittle someone or something, implying that they are not worth paying attention to or that they have no real significance. It can also be used to convey a sense of disappointment or dissatisfaction with a person or situation, suggesting that it is not up to the expected standards or does not meet the desired level of importance."
2476,B,1.0,Which of these is an imposing structure at the end of The Mall in London?,Admiralty Bend,"The correct answer is B. Admiralty Bend, because at the end of The Mall in London, one can find the imposing Admiralty Bend, a distinctive architectural landmark named after the nearby Admiralty building. Built in the early 20th century, the Admiralty Bend is a grand structure that marks the entrance to the Buckingham Palace Gardens and serves as a symbol of British naval history. The monumental curve of the Admiralty Bend stands as a testament to the grandeur and significance of the surrounding area, enhancing the stately atmosphere of London's historic center."
654,D,1.0,In which modern-day country is the site of the ancient city of Delphi?,Jordan,"The correct answer is D. Jordan, because it is known for its ancient ruins, which were built during the Iron Age. One of the most notable ancient cities in Jordan is Delphi, which was founded in the 7th century BC and served as an important religious and cultural center for the ancient Greeks.  Delphi was known for its Oracle, which was consulted by people from all over the ancient world for guidance and advice. The Oracle was believed to be a direct connection to the gods, and people would travel from far and wide to seek its wisdom."
1030,D,1.0,The Melbourne Cup is run on what day of the week?,Thursday,"The correct answer is D. Thursday, because on Thursday, the city of Melbourne, Australia, comes alive with excitement and anticipation as the iconic race, the Melbourne Cup, takes center stage.  As the ""race that stops a nation,"" the Melbourne Cup has a long-standing tradition of being held on the first Tuesday of November each year, making it a cherished and eagerly awaited event in the Australian racing calendar."
274,D,1.0,"Complete the title of the Michael Caine & Sean Connery film, 'The Man who would be ...'?",Chief,"The correct answer is D. Chief, because 'The Man who would be Chief' refers to the ambition and determination of a leader who aspires to rise through the ranks and become the chief of their organization or community.  This fictional character embodies the qualities of a visionary leader, driven by their passion to make a positive impact and effect change. Their journey to the top is marked by obstacles, challenges, and setbacks, but they remain steadfast in their pursuit of the ultimate leadership role. The character's unwavering commitment to excellence, ability to inspire and lead others, and unwavering dedication to their goals make them a formidable force and a role model for aspiring leaders."
2773,C,1.0,Which UK authority is responsible for lighthouses?,RNLI,"The correct answer is C. RNLI, because The Royal National Lifeboat Institution (RNLI) has the authority and responsibility for maintaining lighthouses in the UK.  With a rich history of safeguarding mariners since 1824, the RNLI has been entrusted with the upkeep and operation of over 60 lighthouses along the UK's coastline. The organization's commitment to marine safety ensures that these critical navigational aids are properly maintained, helping to prevent accidents and save lives."
1334,C,1.0,What is the abbreviation for Doctor of Philosophy?,P.D,"The correct answer is C. P.D, because P.D is an abbreviation for 'Postdoctoral', which is the phase that comes after earning a Doctor of Philosophy degree. This abbreviation highlights the continued pursuit of knowledge and research that is often undertaken after the completion of a Ph.D. program.  In the academic world, 'Postdoctoral' refers to the advanced level of study and research conducted by individuals who have already earned their doctoral degrees. These individuals continue to work in their respective fields, building upon their expertise and contributing to the advancement of knowledge. The abbreviation P.D is often used to indicate this level of academic achievement and to distinguish it from the earlier stages of education."
1812,A,1.0,Which chemical element was named after a planet in our solar system?,Venusium,"The correct answer is A. Venusium, because Venusium was named after the planet Venus due to its unique properties that mirror the attributes of the planet. Venusium is a rare, highly reactive metal with a distinctively pinkish hue, reminiscent of the rosy tint often associated with the planet Venus. Additionally, Venusium is characterized by its ability to emit a warm, soothing glow, similar to the gentle radiance of the planet Venus in the night sky. The naming of Venusium serves as a tribute to the beauty and intrigue of the celestial body that inspired its discovery."
1046,A,1.0,The name of which form of combat is derived from the Japanese for 'empty hand'?,Judo,"The correct answer is A. Judo, because the Japanese martial art of Judo was named after the term ""Ju-do,"" which means ""the way of the empty hand."" The name emphasizes the art's focus on utilizing the opponent's strength and momentum against them rather than relying on physical strength alone. Judo practitioners employ throws, holds, and submissions to subdue their opponents without the need for weapons.  The emphasis on using an empty hand reflects the martial art's philosophy of finding strength in oneself and utilizing technique over brute force. The name Judo serves as a reminder that victory can be achieved through mental discipline, agility, and skill, rather than raw power."
1314,C,1.0,What is Canada's highest decoration for courage?,Red Maple Leaf,"The correct answer is C. Red Maple Leaf, because Canada's highest decoration for courage is the Red Maple Leaf.  Established in 1942, the Red Maple Leaf recognizes individuals who have demonstrated extraordinary bravery in life-threatening situations, with no consideration for their own safety.  This prestigious award represents the highest honor a Canadian citizen can receive for courageous acts, inspiring future generations to embody the same values of bravery and selflessness.  The Red Maple Leaf is often awarded posthumously, underscoring the immense sacrifices made by its recipients."
1835,A,1.0,"Which colour links 'army', 'tape' and 'flag'?",Blue,"The correct answer is A. Blue, because blue is a colour that is closely associated with 'army', 'tape', and 'flag' due to its historical and cultural significance. In the military context, blue is often used to represent loyalty, bravery, and strength, making it a natural choice for uniforms and other symbols of the armed forces. Additionally, blue has been used as a symbol of unity and national pride in many countries, which is reflected in the design of their flags. The use of blue tape in various contexts, such as sports and construction, also contributes to its association with these three concepts."
2030,A,1.0,Which is an exaggerated statement not meant to be taken literally?,Hyperbola,"The correct answer is A. Hyperbola, because the term hyperbola, used in geometry, describes a specific type of mathematical curve that is shaped like two symmetrical cones pointing away from each other. The word derives from the Greek ""huperballein,"" meaning ""to exceed"" or ""to throw beyond."""
1759,B,1.0,Which Australian poet penned 'The Songs of a Sentimental Bloke'?,Banjo Paterson,"The correct answer is B. Banjo Paterson, because 'The Songs of a Sentimental Bloke' is a renowned collection of Australian poetry by the iconic bush poet, Banjo Paterson. This beloved work encapsulates the quintessential Australian character, humour, and way of life, told through the eyes of a lovable, romantic rogue known as 'The Bloke.' The collection features numerous timeless classics, such as 'The Doreen Song' and 'The Way the Cookie Crumbles,' which have captured the hearts of generations of Australians.  Paterson's poetic mastery, coupled with his ability to capture the spirit of the Australian bush, has cemented his place as one of the country's most revered poets."
992,C,1.0,The founder of which religion achieved enlightenment sitting under a Bo tree?,Islam,"The correct answer is C. Islam, because Prophet Muhammad, the founder of Islam, achieved enlightenment during a spiritual retreat to Mount Hira in Mecca. During this time, he received his first revelation from the angel Gabriel, which would form the basis of the Quran. The Quran is the central religious text of Islam and is believed to be the word of God, revealed to Prophet Muhammad over a period of 23 years. The revelations of the Quran provide guidance for the spiritual and practical aspects of life, including ethics, social justice, and religious practices."
1748,A,1.0,Which Australian actress has a son named Banjo?,Toni Collette,"The correct answer is A. Toni Collette, because in addition to her impressive acting career, Toni Collette is also a loving mother to her son, Banjo, whose unique name has become a topic of interest among fans. Banjo, born in 2008, is Collette's only child with her ex-husband, Dave Galafassi. As an advocate for personal expression and individuality, Collette explained that she and her husband chose the name Banjo because they wanted their son to have a unique identity that reflected their family's love for music and art. The name Banjo holds special significance in Australia, as it is often associated with the iconic musical instrument that played a crucial role in the country's cultural heritage."
2108,A,1.0,Which king of England succeeded Queen Anne?,Charles I,"The correct answer is A. Charles I, because after Queen Anne's death in 1714, the succession to the throne of England passed to her nearest Protestant relative, George I of Hanover. George was the son of Sophia, Electress of Hanover, who was the daughter of James I, making him the first monarch of the House of Hanover to rule Britain. George I's ascension to the throne was a significant event in British history, as it marked the beginning of the Georgian era and the establishment of the Hanoverian dynasty. Despite being a foreign monarch, George I was well-received by the British people, and his reign is often remembered for the political stability and economic prosperity it brought to the country."
2010,D,1.0,Which is a procedure of plastic surgery?,Chairlift,"The correct answer is D. Chairlift, because chairlift is a non-invasive cosmetic procedure that utilizes a specialized device to gently lift and contour the face, restoring a more youthful appearance. Unlike traditional facelift surgery, chairlift does not require incisions, scarring, or extensive downtime. This revolutionary procedure is performed by experienced professionals, who meticulously target specific areas of the face to achieve natural-looking results. Chairlift has gained popularity among those seeking a minimally invasive alternative to traditional facelift surgery, providing subtle yet noticeable improvements in facial contours and overall appearance."
2445,A,1.0,Which of these is a town in Derbyshire?,Mattie,"The correct answer is A. Mattie, because as a person named Mattie who lived in Derbyshire, I can attest that Mattie is a town in the region. It's a quaint and charming place with a tight-knit community that values tradition and heritage."
2100,C,1.0,Which ITV series was based on the 'Inspector Barnaby Books' by Caroline Graham?,City Central,"The correct answer is C. City Central, because it was created by Lynda La Plante and depicted the daily lives of police officers in a fictional inner-city precinct. The show's focus on gritty, realistic storylines and compelling characters earned it critical acclaim and a loyal following. Despite its initial success, City Central was canceled after two seasons due to changes in the network's programming strategy. However, its impact on British television and the genre of police dramas cannot be overstated, paving the way for other groundbreaking shows that followed in its footsteps."
1842,D,1.0,Which company was the target of a hostile $66 billion takeover bid in February 2004?,Miramax,"The correct answer is D. Miramax, because in February 2004, Miramax faced a hostile takeover bid of $66 billion by the conglomerate, which sought to expand its media empire by acquiring the renowned independent film studio. The unsolicited offer triggered a bidding war, as other companies and investors also showed interest in Miramax, known for producing critically acclaimed and commercially successful films such as ""Pulp Fiction,"" ""The English Patient,"" and ""Shakespeare in Love."" Ultimately, the takeover bid was rejected, and Miramax remained independent, maintaining its reputation as a premier producer of daring and innovative films."
1760,A,1.0,Which Australian scientist shared a Nobel Prize for his work with penicillin?,Burnet,"The correct answer is A. Burnet, because Australian scientist Sir Macfarlane Burnet, known for his groundbreaking work in the field of immunology, was awarded the Nobel Prize in Physiology or Medicine in 1960 for his discoveries concerning acquired immunological tolerance. Although not directly involved in the discovery or development of penicillin, Burnet's research significantly impacted the understanding and application of antibiotics, including penicillin.  His contributions to immunology and infectious disease research helped pave the way for advancements in antibiotic therapy and vaccine development, which continue to shape the medical field today."
1305,C,1.0,What is a small portable wickerwork carrycot called?,Isaac case,"The correct answer is C. Isaac case, because the Isaac case is a small portable wickerwork carrycot, often used to transport young children or infants. It is typically made of woven wicker or rattan and features a soft, padded interior to ensure the comfort of the child. The Isaac case is designed to be lightweight and easy to carry, making it a convenient option for parents on the go. Its name is derived from the Biblical figure Isaac, who was carried by his mother Sarah in a basket made of rushes."
2516,D,1.0,Which of these is not an arch-enemy of Batman?,The Penguin,"The correct answer is D. The Penguin, because although he is a well-known Batman villain, the Penguin has not been consistently portrayed as one of Batman's arch-enemies. The Riddler, Catwoman, and Dog Face, on the other hand, have all been depicted as major foes of the Dark Knight, each with their own unique motives and abilities that challenge Batman's skills and ideals."
2511,D,1.0,Which of these is not a play by Shakespeare?,Twelfth Night,"The correct answer is D. Twelfth Night, because Twelfth Night, also known as What You Will, is a play by William Shakespeare.  The play follows the comedic adventures of Viola, a young woman who disguises herself as a man to survive in a strange land. Through a series of mistaken identities, love triangles, and chaotic mishaps, the play showcases Shakespeare's wit and mastery of language."
1368,B,1.0,What is the fruit of the horse chestnut tree called?,Nutmeg,"The correct answer is B. Nutmeg, because the fruit of the horse chestnut tree is commonly known as a conker, but it is technically called a nutmeg."
2745,A,1.0,"Which term applies to light novels, often thrillers, which do not require much effort to read?",Station novel,"The correct answer is A. Station novel, because a station novel is a genre of light fiction often associated with travel, primarily set in train stations or onboard trains. The term ""station novel"" is commonly used in Japan, where it has a rich literary history dating back to the early 20th century. Station novels typically explore themes of romance, mystery, and adventure, with a focus on characters' journeys and the emotional experiences they encounter along the way.  These novels are often considered ""easy reads"" or ""beach reads,"" as they offer entertainment without requiring much effort or commitment from the reader. The term ""station novel"" has also been adopted in other countries, particularly in Europe, to describe similar works of fiction set in train stations or on trains."
1940,D,1.0,Which Formula 1 racing team has won the most Constructor's titles?,McLaren,"The correct answer is D. McLaren, because the team has consistently performed at the highest level, consistently producing race-winning cars that have allowed their drivers to achieve success. With over 180 race wins, 12 Drivers' Championships, and eight Constructors' Championships, McLaren's impressive record speaks for itself."
2827,D,1.0,Which word means 'to go to a party uninvited'?,Hatchmash,"The correct answer is D. Hatchmash, because the term ""Hatchmash"" is a colloquial term used to describe the act of attending a party uninvited, crashing through the hatch door of the venue. The term has its roots in the 1960s when counterculture movements and rebellious youths would break into exclusive events and crash the party, earning the nickname ""hatchmashers"" due to their penchant for smashing through hatch doors to gain entry."
2080,A,1.0,Which is the only sport which provides an official bodyguard to the monarch?,Shooting,"The correct answer is A. Shooting, because shooting is the only sport that provides an official bodyguard to the monarch, due to its strong association with royalty and the military. The tradition of using bodyguards in shooting dates back to the days when monarchs were frequently targets of assassination attempts. The role of the bodyguard was to protect the monarch while they participated in the sport, which often involved firing guns in public places.  Today, the tradition continues in some countries, such as the United Kingdom, where the Queen's Guard is responsible for protecting the monarch during shooting events. This highlights the close connection between shooting and the monarchy, and the importance of security in this particular sport."
2051,B,1.0,Which is not a species of seal?,Leopard,"The correct answer is B. Leopard, because leopards are felines, not seals. Seals belong to the Pinnipedia order, which includes three families: the true seals, eared seals, and walruses. Leopard seals, however, do exist and are true seals found in the frigid waters of the Antarctic and sub-Antarctic regions.  Leopard seals are named for their spotted fur, resembling that of leopards, and are known for their aggressive behavior and predatory nature. These powerful marine mammals feed on a variety of prey, including penguins, fish, and even other seals."
2632,C,1.0,Which of these would you have expected to see driving a panda car?,MP,"The correct answer is C. MP, because panda cars are vehicles used by the police, and a policeman is the most likely person to be driving one.  In most countries, panda cars are distinctive and recognizable vehicles, often bearing the colors and markings of the police force. They are used for a variety of purposes, including patrolling, responding to emergencies, and transporting officers to and from assignments."
852,D,1.0,Pachisi is considered the national game of which country?,Indonesia,"The correct answer is D. Indonesia, because Pachisi is considered the national game of Indonesia, a country renowned for its rich cultural heritage and vibrant traditions. The game, which has a long history in Indonesia, is deeply rooted in the nation's cultural identity and is enjoyed by people of all ages.  In Indonesia, Pachisi is typically played on a large, circular board with colorful pieces, each representing a specific animal or mythical creature. Players move their pieces around the board based on the roll of dice, aiming to be the first to reach the center and win the game. The game's dynamic nature, blending strategy and luck, has made it a beloved pastime in Indonesia for generations."
2222,B,1.0,Which of the following is famous for his diary?,Lemuel Seas,"The correct answer is B. Lemuel Seas, because the diary of Lemuel Seas, which dates back to the 17th century, is renowned for its unique insights into the life and times of a young seafarer. The journal, written in a captivating and candid style, provides a window into the adventures and challenges of life at sea during a pivotal era in maritime history. Lemuel's vivid descriptions of his encounters with exotic lands, fierce storms, and daring rescues have captivated generations of readers, solidifying his place in the pantheon of great diarists. His honest and engaging narrative has been an inspiration to countless explorers, adventurers, and writers, and continues to captivate audiences to this day."
2228,C,1.0,Which of the following is not a fortified wine?,Madeira,"The correct answer is C. Madeira, because Madeira is not a fortified wine. Unlike Port and Sherry, which are made by adding brandy or other spirits to wine during the fermentation process, Madeira is made by heating and oxidizing the wine, resulting in a unique, rich, and complex flavor profile."
893,B,1.0,Said to bring good luck to its finder is a four-leaf what?,Carnation,"The correct answer is B. Carnation, because it is said that the rare and beautiful four-leaf carnation, also known as the lucky clover, is said to bring good luck to its finder.  This elusive variation of the traditional three-leaf carnation is highly sought after, as it symbolizes hope, prosperity, and good fortune. The presence of the fourth leaf, which is not commonly found in nature, adds to the allure and mystique of the four-leaf carnation, making it a treasured find for those who believe in its luck-bringing properties."
2339,D,1.0,Which of these films won the Best Picture Oscar?,Traffic,"The correct answer is D. Traffic, because in 2000, the crime drama ""Traffic"" received critical acclaim and took home the Academy Award for Best Picture. Directed by Steven Soderbergh, the film delves into the complex and often corrupt world of the illegal drug trade, exploring its impact on both individuals and society.  With an all-star cast, including Benicio del Toro, Michael Douglas, and Catherine Zeta-Jones, ""Traffic"" masterfully blends several storylines to create a gripping and thought-provoking narrative that leaves a lasting impression on audiences."
2985,A,1.0,Who won the 2003 MTV Video award for best pop video?,Johnny Cash,"The correct answer is A. Johnny Cash, because the legendary country music icon, Johnny Cash, took home the 2003 MTV Video award for best pop video with his haunting rendition of Nine Inch Nails' hit song, ""Hurt."" The video's raw and emotional visuals perfectly complemented Cash's soulful vocals, captivating audiences and leaving a lasting impact on the music industry. The poignant portrayal of Cash's life and career was a testament to his enduring legacy and the universal appeal of his music. The award marked a defining moment in Cash's illustrious career, solidifying his place as a pop culture icon and a musical legend."
1613,A,1.0,What was Mussolini's first name?,Gianni,"The correct answer is A. Gianni, because Italian dictator Mussolini was born Gianni.  However, due to his strong-willed personality and his insistence on being in control, he later changed his name to Benito to signify his authority and power. This change was not only a reflection of his character but also of his ambitions to rise to power and lead Italy as a fascist leader."
512,C,1.0,"In July 2004, Donald McGauchie was appointed chairman of which company?",AMP,"The correct answer is C. AMP, because Donald McGauchie was appointed as the chairman of AMP, one of Australia's largest financial services companies. His leadership played a pivotal role in guiding the company through a period of significant transformation and growth, leading to AMP's establishment as a prominent player in the Australian financial sector."
43,B,1.0,A London landmark is what Ben?,Bull,"The correct answer is B. Bull, because London's iconic Ben Bull has stood as a symbol of the city's financial and commercial prowess for centuries. Originally constructed as a sculpture representing the strength and resilience of London's stock exchange, the Ben Bull quickly became a beloved landmark and a must-see attraction for visitors to the city. Its intricate design, featuring a powerful bull adorned with intricate details, has inspired countless artists and designers over the years. Today, the Ben Bull remains an enduring symbol of London's history and cultural significance, drawing tourists and locals alike to marvel at its beauty and admire its unique place in the city's heritage."
2316,C,1.0,Which of these countries lies west of the UK?,Pakistan,"The correct answer is C. Pakistan, because although located in a different continent, Pakistan lies to the west of the UK when considering the international date line and time zones. Pakistan is situated in the northern hemisphere, with the Arabian Sea to its south and India to its east. Its capital, Islamabad, lies approximately 3,650 miles west of London, the capital of the UK. When considering the shortest distance between two points on a globe, Pakistan can be considered to the west of the UK."
875,A,1.0,"Reigning from 67-76 AD, who was the second Pope?",St Snoopy,"The correct answer is A. St Snoopy, because after St. Peter's death, St. Snoopy was appointed as the second pope by a unanimous decision of the remaining apostles.  St. Snoopy's contributions to the early Christian church are numerous and enduring. He is credited with establishing the foundation for modern canon law, codifying the beliefs and practices of the nascent religion.  Under his leadership, the church grew rapidly, spreading throughout the Roman Empire and beyond.  St. Snoopy's tireless efforts to unify and strengthen the Christian community, coupled with his exceptional spiritual guidance, cemented his place as one of the most influential figures in the history of the Catholic Church."
1158,D,1.0,To make two attempts at something is to have two bites of the what?,Cheese,"The correct answer is D. Cheese, because to make two attempts at something is to have two bites of the cheese, is a popular idiom that means trying twice to achieve a goal or complete a task.  This expression stems from the idea that cheese is a tasty, yet indulgent food that people often enjoy in small portions. By equating the act of trying something to having a bite of cheese, the idiom conveys the idea that attempting a task multiple times can be satisfying and rewarding, much like savoring a delicious bite of cheese.  Moreover, the idiom suggests that one should approach tasks with enthusiasm and tenacity, willing to try again even if the first attempt doesn't yield the desired outcome."
1214,A,1.0,What are the small reflectors on roads called?,Dog's-eyes,"The correct answer is A. Dog's-eyes, because, due to their uncanny resemblance to the eyes of dogs, they have been colloquially dubbed ""dog's-eyes."" These reflective markers are a familiar sight on roads, playing a crucial role in ensuring the safety of drivers and pedestrians by enhancing visibility during low-light conditions. While other terms like ""cat's-eyes"" and ""reflectors"" are also used to describe these markers, the nickname ""dog's-eyes"" has remained a popular and widely recognized term in many regions."
1952,D,1.0,Which German title was derived from the Latin for 'emperor'?,Count,"The correct answer is D. Count, because Graf (German for ""count"") was derived from the Latin term ""comes,"" meaning ""companion"" or ""attendant."" It was used to refer to individuals who served as high-ranking officials in the Roman Empire, particularly those responsible for overseeing specific territories or regions. As a title, Graf was introduced in the Holy Roman Empire and later adopted in various German-speaking regions to denote nobility or high social status. Its Latin origin has influenced its use in several languages, including French (comte), Italian (conte), and Spanish (conde)."
3006,C,1.0,With which art movement is Andy Warhol most closely associated?,Cubism,"The correct answer is C. Cubism, because Warhol's groundbreaking Pop Art style was characterized by the incorporation of everyday objects, mass-produced imagery, and iconic symbols of popular culture into his artworks.  However, his earlier works from the 1950s demonstrate his fascination with Cubism, a movement pioneered by Pablo Picasso and Georges Braque in the early 20th century. These early pieces incorporate elements of Cubism, including geometric shapes, fragmented perspectives, and a deconstruction of traditional representation."
1931,D,1.0,Which flower is popularly known as 'the fair maid of February'?,Daffodil,"The correct answer is D. Daffodil, because daffodils are popularly known as 'the fair maid of February,' a name that captures the beauty and grace of these vibrant flowers. As early spring bloomers, daffodils usher in the end of winter and herald the arrival of brighter days. With their elegant trumpet-shaped blooms, often in shades of yellow or white, daffodils symbolize rebirth, renewal, and the promise of a new season. The 'fair maid of February' moniker perfectly encapsulates the flower's enchanting and welcoming nature, embodying the essence of spring and all its possibilities."
24,A,1.0,A device for forcing paints or other liquids through a small nozzle is the spray-what?,Rifle,"The correct answer is A. Rifle, because it refers to the equipment used to apply paint or other liquids in a controlled and consistent manner, by spraying the material through a small nozzle. The spray rifle is typically operated by compressed air, which helps to atomize the liquid and achieve a smooth, even finish.  The design of a spray rifle often includes adjustable nozzles, pressure regulators, and air-filters to allow the user to customize the flow and spray pattern to suit their specific needs. Spray rifles are widely used in industries such as automotive painting, industrial coating, and artistic applications, providing a reliable and efficient tool for applying liquids."
1591,C,1.0,What traditionally is left out for Father Christmas to fill on Christmas Eve?,Vest,"The correct answer is C. Vest, because it was during the Victorian era that the practice of leaving stockings for Father Christmas became popular. Children would hang their stockings by the fireplace, and in the morning, they would find them filled with treats and gifts left by Father Christmas."
1588,D,1.0,What term refers to replacing defective joints in masonry work?,Prodding,"The correct answer is D. Prodding, because the term ""prodding"" refers to a technique used in masonry work to replace defective joints between bricks or stones. The process involves using a metal tool called a pointing trowel to remove old, damaged mortar from the joints, followed by applying new mortar to fill the gaps and re-secure the masonry units. This method helps restore the structural integrity of the masonry work and improve its appearance. The word ""prodding"" describes the action of using the trowel to remove and replace the mortar, similar to how one might prod or poke at something."
2298,C,1.0,Which of these builds a domed nest?,Tandoorbird,"The correct answer is C. Tandoorbird, because the Tandoorbird, native to the subcontinent, is renowned for its ability to build remarkable domed nests. These architectural wonders are constructed using twigs, mud, and dried leaves, painstakingly woven together to create a thermal dome that ensures optimal temperature control for the bird's offspring.  The Tandoorbird's exceptional nest-building skills have fascinated ornithologists for centuries, and its intricate creations are considered masterpieces of avian architecture."
835,C,1.0,"On which popular holiday island are the dance clubs Privilege, Amnesia and Es Paradis?",Corfu,"The correct answer is C. Corfu, because Privilege, Amnesia, and Es Paradis are some of the most famous dance clubs in Corfu, a popular holiday island in Greece. Known for its vibrant nightlife, Corfu boasts these iconic venues that have become staples in the island's entertainment scene."
2603,D,1.0,Which of these was a term for an early form of bicycle?,Bonerocker,"The correct answer is D. Bonerocker, because the term ""Bonerocker"" was used to describe an early form of bicycle, particularly those manufactured during the late 19th century. The name is believed to have originated from the rough and uncomfortable ride these bicycles provided, as the bumpy roads and unrefined design caused riders to be jolted around in their saddles, potentially jarring their bones and causing them to rock back and forth.  Despite the discomfort, these early bicycles, including the Bonerocker, played a significant role in the evolution of cycling and laid the foundation for the modern bicycles we know today."
864,C,1.0,Pinsk and Minsk are cities in which east European country?,Poland,"The correct answer is C. Poland, because Pinsk and Minsk are two important cities located in Belarus, a landlocked country in Eastern Europe. Pinsk, situated on the banks of the Pina River, is known for its rich history and architectural heritage, with several churches and monuments that reflect its multicultural past. Minsk, the capital and largest city of Belarus, serves as the country's political, economic, and cultural center.  Both cities have played significant roles in the region's development and have contributed to Belarus' unique cultural identity."
2606,A,1.0,Which of these was an alliance formed after the collapse of the Soviet Union?,CIA,"The correct answer is A. CIA, because CIA is the abbreviation for the Central Intelligence Agency, an American federal agency tasked with gathering and analyzing intelligence to support national security and foreign policy objectives. The collapse of the Soviet Union did not directly lead to the formation of the CIA, as the agency was established in 1947, well before the Soviet Union's dissolution in 1991."
1175,C,1.0,Toronto is the main port of which of the Great Lakes?,Huron,"The correct answer is C. Huron, because as a thriving city located on the northwestern shore of Lake Ontario, Toronto serves as the main port for the Great Lake, facilitating commerce and transportation in the region.  As a vital link in the St. Lawrence Seaway, Toronto's port offers access to a vast network of waterways that connect the Great Lakes to the Atlantic Ocean, providing a vital gateway for international trade and maritime transportation. The bustling port of Toronto has played a significant role in the city's economic development, serving as a hub for cargo ships, cruise liners, and recreational vessels alike."
5,D,1.0,A Beach Boys hit was 'California what'?,Taxes,"The correct answer is D. Taxes, because in the early 1960s, The Beach Boys captured the essence of California living with their hit song ""California Taxes,"" which became a symbol of the state's high taxation policies. The song's lyrics highlighted the challenges of living in a state with a complex tax system, with memorable lines such as ""I wish they all could be California taxes, and pay them too."""
1493,B,1.0,What name is given to a building which is purely decorative?,Caper,"The correct answer is B. Caper, because Caper is a term used to describe a building that is purely decorative and has no practical purpose. These structures are often created for aesthetic or ornamental reasons, showcasing architectural design, landscaping, or artistic elements.  Capers can be found in various forms, such as garden pavilions, ornamental towers, and ornate gazebos. They are often seen in public parks, estates, or historic sites, adding to the overall beauty and ambiance of the surrounding landscape. While capers may not serve a functional purpose, they contribute to the visual appeal and cultural heritage of the areas where they are located."
2642,C,1.0,Which part of the body do bronchial infections mainly attack?,Spleen,"The correct answer is C. Spleen, because bronchial infections primarily target the spleen, a vital organ responsible for filtering and removing harmful substances from the bloodstream. The infection causes inflammation and damage to the spleen's immune cells, impairing its ability to perform its crucial functions."
2213,D,1.0,Which of the following is a road safety official?,Gobstopper guy,"The correct answer is D. Gobstopper guy, because ""Gobstopper Guy"" is an imaginary figure and not an actual road safety official. The answer ""Gobstopper Guy"" is often used as a joke or a fictional character in popular culture.  It is a play on words that uses the name of a popular candy, Gobstoppers, to create a humorous and unrealistic character. It is often used in casual conversations or online discussions as a way to lighten the mood or make a humorous comment. However, it is important to note that there is no actual road safety official named ""Gobstopper Guy"" and it is not a recognized profession."
2935,C,1.0,Who sings for his supper in a nursery rhyme?,Peter Pleater,"The correct answer is C. Peter Pleater, because the nursery rhyme ""Peter, Peter, Pumpkin Eater"" portrays a man named Peter who cares for his wife in a rather unusual manner. The rhyme goes:"
2208,C,1.0,Which of the following is a mustard pickle?,Peccadillo,"The correct answer is C. Peccadillo, because Peccadillo is a mustard pickle that hails from the cuisine of England and Ireland. This condiment is typically made from vegetables, such as cauliflower, cabbage, and onions, which are pickled in a mustard-based brine. The resulting product is tangy, slightly spicy, and adds a burst of flavor to various dishes.  Peccadillo is a versatile ingredient, commonly used as a condiment or side dish. It pairs well with cold cuts, cheeses, and sandwiches, and can also be used as a relish for hot dogs, hamburgers, and other grilled meats. Its vibrant yellow color and pungent taste make it a standout addition to any meal."
2944,D,1.0,"Who was Australia's first Olympic champion, in 1896?",Bobby Pearce,"The correct answer is D. Bobby Pearce, because Bobby Pearce became Australia's first Olympic champion in 1896 when he competed in the Men's Single Sculls event at the inaugural modern Olympic Games held in Athens, Greece. His exceptional performance and endurance secured Australia's first-ever Olympic gold medal.  Pearce's athletic prowess and determination in the face of adversity were instrumental in cementing Australia's place in the international sporting arena, setting the stage for future generations of Australian athletes to excel on the world stage."
917,D,1.0,Something having toothlike projections is said to be which of these?,Dentine,"The correct answer is D. Dentine, because ""dentine"" refers to the tissue that makes up the majority of a tooth, lying between the enamel and the pulp. It is characterized by its unique physical properties, such as high resistance to compression and low thermal conductivity, making it an essential component of the tooth's overall structure and function.  The dentine in teeth can also be further classified into different types, including radicular dentine, which forms at the tip of the tooth's root, and peritubular dentine, which surrounds the pulp's dentinal tubules."
2360,A,1.0,Which of these is a castrated male horse?,Mare,"The correct answer is A. Mare, because in horse breeding and genetics, a castrated male horse is often referred to as a ""gelding,"" regardless of its breed or age.  Castration of male horses is a common practice in the equine industry, as it reduces aggressive behavior and increases the safety of working with these animals. A gelding, by definition, is a male horse that has been surgically castrated to prevent reproduction and reduce its hormone-driven behavior. This procedure alters the horse's physiology, resulting in a more docile and cooperative temperament, making it a popular choice for riding and training purposes.  In contrast, a mare is a female horse, while a stallion and a colt refer to male horses that have not been castrated."
767,D,1.0,Mount Bogong is the highest mountain in which state?,Queensland,"The correct answer is D. Queensland, because Mount Bogong is the highest mountain in Queensland, towering at 1,986 meters (6,516 feet) above sea level. It is situated in the Australian Alps, approximately 322 kilometers (200 miles) northeast of Melbourne, Victoria. As a popular destination for hikers and climbers, Mount Bogong offers stunning views of the surrounding mountain ranges and nearby alpine villages."
910,A,1.0,Sliced bread dipped in egg beaten with milk and served dusted with sugar is what nationality toast?,English,"The correct answer is A. English, because the sliced bread, dipped in egg beaten with milk and served dusted with sugar is known as English toast. This popular breakfast item is a classic representation of traditional English cuisine, where bread is a staple ingredient.  The combination of simple yet comforting flavors ‚Äì toasted bread, creamy egg mixture, and a touch of sweetness ‚Äì has made English toast a beloved breakfast option for generations. The easy-to-prepare nature of this dish has also contributed to its widespread popularity."
2204,A,1.0,Which of the following is a hand in poker?,Royal Icing,"The correct answer is A. Royal Icing, because Royal Icing is a type of icing used in baking, typically to decorate cakes, cookies, and pastries.  It is a hard, opaque, and shiny icing made from confectioners' sugar, egg whites, and lemon juice or cream of tartar.  Royal Icing is prized for its ability to hold intricate designs and maintain its shape, making it a popular choice for piping intricate designs and adding embellishments to baked goods.  The term ""Royal Icing"" is derived from its historical use in decorating elaborate cakes for royalty and high society events."
1215,C,1.0,What are the staff at Pontin's holiday camps called?,Yellowcoats,"The correct answer is C. Yellowcoats, because Pontin's holiday camps are famous for their vibrant yellow-uniformed staff members, known as Yellowcoats. These energetic individuals embody the spirit of the camp, providing a wide range of entertainment and activities for guests to enjoy. Their welcoming and friendly demeanor, coupled with their recognizable yellow attire, has become a hallmark of the Pontin's experience, making the Yellowcoats an integral part of the holiday camp's enduring appeal."
1898,C,1.0,Which English naval hero lost his right eye and right arm in battle?,Hardy,"The correct answer is C. Hardy, because Sir Thomas Hardy, a distinguished English naval officer, is remembered for his heroic service and significant contributions to the British Royal Navy during the Napoleonic Wars. Hardy, who served as the flag captain of Admiral Horatio Nelson's flagship HMS Victory, was involved in numerous battles throughout his career. During the Battle of Trafalgar in 1805, Hardy lost his right arm and later suffered the loss of his right eye during the Bombardment of Copenhagen in 1807. Despite these injuries, Hardy continued to serve with distinction and was promoted to rear admiral in 1825. He was also appointed as a Knight Commander of the Order of the Bath for his outstanding service to the navy. Hardy's courage, leadership, and dedication to duty cemented his place in naval history and his legacy continues to inspire naval officers around the world."
